dataset,source,link,markers,bar,stack,hvr,xtickformat,tickformat,highlight,charttitle,subtitle,Note,sol_chapter,sol_subsection,owner
wlkcyc,Govt walking and cycling  statistics (2019),https://www.gov.uk/government/collections/walking-and-cycling-statistics,FALSE,FALSE,FALSE,<b>%{y:.1f}%</b>,,.0f,TRUE,Walking and Cycling,,,High Streets for All,,Joe Heywood
tfl_md,Transport for London,tfl.gov.uk,FALSE,TRUE,TRUE,%{y},,%,FALSE,Active mode of travel share,,,,,Joe Heywood
tfl_wlkcyc,TfL,tfl.gov.uk,FALSE,FALSE,FALSE,%{y},,%,FALSE,Cycle flow,% Change in cycle flow on automatic cycle counters vs 2019 ,See the Resilience Dashboard for the latest data.,,,Joe Heywood
aqno2,0,0,FALSE,FALSE,FALSE,%{y},,%,FALSE,Nitrogen Dioxide concentration,,,,,Joe Heywood
aq_no2,0,0,FALSE,FALSE,FALSE,%{y},,,FALSE,Nitrogen Dioxide concentration,Micrograms per cubic meter (ug/m3) ,,Environment,Air Quality,Sarah Willis
aq_pm10,0,0,FALSE,FALSE,FALSE,%{y},,,FALSE,PM10 particulate concentration,Micrograms per cubic meter (ug/m3) ,,Environment,Air Quality,Sarah Willis
aq_pm25,0,0,FALSE,FALSE,FALSE,%{y},,,FALSE,PM25 particulate concentration,Micrograms per cubic meter (ug/m3) ,,Environment,Air Quality,Sarah Willis
gg_dat,kMatrix/GLA,https://www.london.gov.uk/sites/default/files/london_low_carbon_market_snapshot_-_2019.pdf,TRUE,FALSE,FALSE,Total sales in %{x}:<br /> £%{y:.0f},,.3s,FALSE,Growth in the low carbon sector in London,,,Green New Deal,,Simon Wykes 
ggemp,kMatrix/GLA,https://www.london.gov.uk/sites/default/files/london_low_carbon_market_snapshot_-_2019.pdf,TRUE,FALSE,FALSE,"Total employees: <b>%{y:,}</b>",,.3s,FALSE,Employment in low carbon sector in London,,,Green New Deal,,Simon Wykes 
emms,LEGGI (2018),https://data.london.gov.uk/dataset/leggi,FALSE,FALSE,FALSE,%{y:.1f},,.2s,FALSE,GHG Emissions (MtCO2e) in London,,,,,Joe Heywood
energy,LEGGI (2018),https://data.london.gov.uk/dataset/leggi,FALSE,FALSE,FALSE,%{y},,.2s,FALSE,Total energy consumption (GWh) in London,,,,,Joe Heywood
epc,MHCLG,https://data.london.gov.uk/dataset/domestic-energy-efficiency-ratings-borough,FALSE,FALSE,FALSE,%{y:.1f}%,,%,FALSE," Energy efficiency ratings of new and existing homes, London","% of all domestic dwellings (new and existing homes) with an energy performance certificate rating of A-C, as a share of all homes registered on Buildings Register",,Environment,Energy generation and efficiency,Sarah Willis
fpov,GLA,https://data.london.gov.uk/dataset/housing-london,FALSE,FALSE,FALSE,%{y},,,TRUE,Fuel Poverty,,,,,Joe Heywood
wst,"DEFRA, ENV18 - Local authority collected waste (England and regions)",https://www.gov.uk/government/statistical-data-sets/env18-local-authority-collected-waste-annual-results-tables,FALSE,FALSE,FALSE,Total household waste:<br /><b>%{y}</b> of 2011/12 value<extra></extra>,,.0f,TRUE,Household waste collected by Local Authorities,Relative % of 2011/12 values ,Data is also available at the level of Local Authorities. ,Environment,Waste and circular economy,Sarah Willis
bio,"BEIS, Regional Renewable Statistics, Regional Statistics 2003-2020: Generation",https://www.gov.uk/government/statistics/regional-renewable-statistics,FALSE,FALSE,FALSE,"%{y:,}",,.0f,FALSE,Renewable electricity generation in London,Gigawatt-hours (GWh) ,,Environment,Energy generation and efficiency,Sarah Willis
rcyc,"DEFRA, ENV18 - Local authority collected waste (England and regions)",https://www.gov.uk/government/statistical-data-sets/env18-local-authority-collected-waste-annual-results-tables,FALSE,FALSE,FALSE,%{y:.1f}% ,,%,TRUE,Households waste recycling rate,% of collected household waste ,Data is also available at the level of Local Authorities. ,Environment,Waste and circular economy,Sarah Willis
intage,ONS Labour Force Survey,https://beta.ukdataservice.ac.uk/datacatalogue/series/series?id=2000026#!/access-data,TRUE,FALSE,FALSE,%{y},,%,FALSE,Proportion of Londoners who have never used the internet ,,,,,Barry Fong
intdis,ONS Labour Force Survey,https://beta.ukdataservice.ac.uk/datacatalogue/series/series?id=2000026#!/access-data,TRUE,FALSE,FALSE,%{y},,%,FALSE,Proportion of Londoners who have never used the internet ,,,,,Barry Fong
inteth,ONS Labour Force Survey,https://beta.ukdataservice.ac.uk/datacatalogue/series/series?id=2000026#!/access-data,TRUE,FALSE,FALSE,%{y},,%,FALSE,Proportion of Londoners who have never used the internet ,,,,,Barry Fong
chobs_dep,National Child Measurement Programme,https://fingertips.phe.org.uk/profile/national-child-measurement-programme,TRUE,FALSE,FALSE,%{y}%,,,FALSE,Prevalence of obesity among children in year 6 by area of deprivation,,,,,Ed Klodawski
chobs_eth,National Child Measurement Programme,https://fingertips.phe.org.uk/profile/national-child-measurement-programme,TRUE,FALSE,FALSE,%{y:.0f}%,,,FALSE,Prevalence of obesity among children in year 6 by ethnicity,,,,,Ed Klodawski
chobs_sx,National Child Measurement Programme,https://fingertips.phe.org.uk/profile/national-child-measurement-programme,TRUE,FALSE,FALSE,%{y:.0f}%,,,FALSE,Prevalence of obesity among children in year 6 by sex,,,,,Ed Klodawski
att_eth,DfE GCSE and equivalent results,https://data.london.gov.uk/dataset/gcse-results-by-borough,TRUE,FALSE,FALSE,%{y},,,FALSE,Average Attainment 8 scores by ethnicity,,,New Deal for Young People,,Rachel Leeser
att_fsm,DfE GCSE and equivalent results,https://data.london.gov.uk/dataset/gcse-results-by-borough,FALSE,FALSE,FALSE,%{y},,,FALSE,Average Attainment 8 Scores by FSM status,,,New Deal for Young People,,Rachel Leeser
att_sx,DfE GCSE and equivalent results,https://data.london.gov.uk/dataset/gcse-results-by-borough,FALSE,FALSE,FALSE,%{y},,,FALSE,Average Attainment 8 Scores by sex,,,New Deal for Young People,,Rachel Leeser
rdnss_eth,DfE EYFSP results,https://data.london.gov.uk/dataset/early-years-foundation-stage-profile-assessment-results,FALSE,FALSE,FALSE,%{y}%,,,FALSE,Achieving a good level of development by the end of reception by ethnicity,,,New Deal for Young People,,Rachel Leeser
rndss_fsm,DfE EYFSP results,https://data.london.gov.uk/dataset/early-years-foundation-stage-profile-assessment-results,FALSE,FALSE,FALSE,%{y}%,,,FALSE,Achieving a good level of development by the end of reception by FSM status,,,New Deal for Young People,,Rachel Leeser
entry,DfE Destinations of KS5 students,https://www.gov.uk/government/collections/statistics-destinations,FALSE,FALSE,FALSE,%{y}%,,,FALSE,Progression rate for state-funded mainstream schools & colleges by region in England,,,0,,Rachel Leeser
amh_age,Understanding Society COVID-19 Study,https://beta.ukdataservice.ac.uk/datacatalogue/studies/study?id=8644,TRUE,FALSE,FALSE,%{y},,%,FALSE,Proportion of adult Londoners with poor mental health by age (GHQ-12),,,0,,Barry Fong
amh_sx,Understanding Society COVID-19 Study,https://beta.ukdataservice.ac.uk/datacatalogue/studies/study?id=8644,TRUE,FALSE,FALSE,%{y},,%,FALSE,Proportion of adult Londoners with poor mental health by sex (GHQ-12),,,0,,Barry Fong
empdis_gap,ONS Annual Population Survey,https://data.london.gov.uk/dataset/employment-gaps,FALSE,FALSE,FALSE,%{y}%,,,FALSE,Employment rate gap for disability,,,Helping Londoners into Good Work,,Rachel Leeser
empeth_gap,ONS Annual Population Survey,https://data.london.gov.uk/dataset/employment-gaps,FALSE,FALSE,FALSE,%{y}%,,,FALSE,Employment rate gap between ethnic groups in London,,,Helping Londoners into Good Work,,Rachel Leeser
empsx_gap,ONS Annual Population Survey,https://data.london.gov.uk/dataset/employment-gaps,FALSE,FALSE,FALSE,%{y}%,,,FALSE,Employment rate gap between men and women,,,Helping Londoners into Good Work,,Rachel Leeser
prvspc_age,YouGov / GLA,YOUGOV LINK,TRUE,TRUE,FALSE,%{y},,%,FALSE,Proportion of adults with no access to private outdoor spaces by age group (Feb 2021),,,0,,Barry Fong
prvspc_eth,YouGov / GLA,YOUGOV LINK,TRUE,TRUE,FALSE,%{y},,%,FALSE,Proportion of adults with no access to private outdoor spaces by ethnicity (Feb 2021),,,0,,Barry Fong
hmleth,MHCLG Live Tables on homelessness,https://data.london.gov.uk/dataset/equalities-diversity-and-inclusion-measures,TRUE,FALSE,FALSE,%{y},,%,FALSE,Households assessed as owed a duty,,,0,,Barry Fong
hmlfml,MHCLG Live Tables on homelessness,https://data.london.gov.uk/dataset/equalities-diversity-and-inclusion-measures,TRUE,FALSE,FALSE,%{y},,%,FALSE,Households assessed as owed a duty,,,0,,Barry Fong
hsaffeth,DWP Households Below Average Income,https://data.london.gov.uk/dataset/equalities-diversity-and-inclusion-measures,TRUE,FALSE,FALSE,%{y},,%,FALSE,Households with income below 60% median by ethnicity (After Housing Costs),,,0,,Barry Fong
ovreth,English Housing Survey,https://data.london.gov.uk/dataset/equalities-diversity-and-inclusion-measures,TRUE,FALSE,FALSE,%{y},,%,FALSE,Proportion of households that are overcrowded (according to the bedroom standard),,,0,,Barry Fong
ovrhh,English Housing Survey,https://data.london.gov.uk/dataset/equalities-diversity-and-inclusion-measures,TRUE,FALSE,FALSE,%{y},,%,FALSE,Proportion of households that are overcrowded (according to the bedroom standard),,,0,,Barry Fong
ovrten,English Housing Survey,https://data.london.gov.uk/dataset/equalities-diversity-and-inclusion-measures,TRUE,FALSE,FALSE,%{y},,%,FALSE,Proportion of households that are overcrowded (according to the bedroom standard),,,0,,Barry Fong
ae,AEB data publication,https://data.london.gov.uk/dataset/gla-adult-education-budget,FALSE,TRUE,FALSE,%{y},,.2s,FALSE,Adult Education: learner participaton by borough,,,0,,Héctor Espinoza / Audrey Baker
aelw,AEB data publication,https://data.london.gov.uk/download/gla-adult-education-budget/103a1678-550a-42fe-bc19-2ad77d793ef8/GLA%20AEB%202019-2020%20August%20-%20April%20R10%20Data%20Tables%20London.xlsx,FALSE,TRUE,FALSE,%{y},,.2s,FALSE,Learners in receipt of low wage (Adult Education) 2019/20,,,0,,Héctor Espinoza / Audrey Baker
aeme,AEB data publication,https://data.london.gov.uk/download/gla-adult-education-budget/103a1678-550a-42fe-bc19-2ad77d793ef8/GLA%20AEB%202019-2020%20August%20-%20April%20R10%20Data%20Tables%20London.xlsx,FALSE,TRUE,FALSE,%{y},,.0f,FALSE,"English and Maths courses, and Level 1 and 2 qualifications (2019/20)",,,0,,Héctor Espinoza / Audrey Baker
bics,ONS Business Impact of Covid-19 Survey (BICS),https://www.ons.gov.uk/economy/economicoutputandproductivity/output/datasets/businessinsightsandimpactontheukeconomy,TRUE,FALSE,FALSE,<b>%{x}</b><br />%{y},%d %b %y,0.10%,FALSE,Share of businesses paused trading,Do not intend to restart in next two weeks,,0,,Michele Pittini
caz_spend,London busyness project,https://data.london.gov.uk/busyness-data/,FALSE,FALSE,FALSE,<b>%{x}</b><br />%{y},,%,FALSE,Year-on-year spend in CAZ area,,,"Business, Jobs & Growth",,Libby Rogers
cconf,(until Dec '20): GfK on behalf of the European Commission<br /> (Jan '21 onwards): GfK,https://www.gfk.com/en-gb/press,FALSE,FALSE,FALSE,<b>Consumer confidence index</b><br />%{x}: %{y:.0f}%<extra></extra>,,,FALSE,GfK Consumer Confidence Barometer,,,0,,Mike Hope
gva,ONS and GLA Economics estimates,https://data.london.gov.uk,FALSE,FALSE,FALSE,%{y},,.0f,FALSE,London's real GVA quarterly index,(100 = Q4 2019),,0,,Mike Hope
hsprc,HM  Land Registry,https://www.gov.uk/government/collections/uk-house-price-index-reports,FALSE,FALSE,FALSE,% change in average housing prices<br />in %{text} was %{y}<extra></extra>,,0.10%,FALSE,Annual percentage change in average housing prices,,,0,,Mike Hope
rntex,RICS,https://www.rics.org/uk/ ,FALSE,FALSE,FALSE,% change in average housing prices<br />in %{text} was %{y}<extra></extra>,,,FALSE,Rent expectations,"Net balance during previous three months, seasonally adjusted",,0,,Mike Hope
occdem,RICS,https://www.rics.org/uk/ ,FALSE,FALSE,FALSE,% change in average housing prices<br />in %{text} was %{y}<extra></extra>,,,FALSE,Occupier demand,"Net balance during previous three months, seasonally adjusted",,0,,Mike Hope
hsprcex,RICS,https://www.rics.org/uk/ ,FALSE,FALSE,FALSE,House price expectations:<br />%{text} <br />%{y:.1f} change over prev. 3 months<extra></extra>,,,FALSE,House prices expectations ,"Net balance change over the next 3 months, seasonally adjusted",,0,,Mike Hope
pmi,NatWest/IHS Markit,https://natwestbusinesshub.com/articles/pmi-survey-uk-regions,FALSE,FALSE,FALSE,<b>PMI index</b><br />%{x} | %{y:.1f},,,FALSE,NatWest London - PMI Business Activity Index,,,0,,Mike Hope
pmi_new,NatWest/IHS Markit,https://natwestbusinesshub.com/articles/pmi-survey-uk-regions,FALSE,FALSE,FALSE,<b>PMI New Business Index </b><br />%{x} | %{y:.1f},,,FALSE,NatWest London - PMI New Business Activity Index,,,0,,Mike Hope
uchh,DWP Benefit Statistics (Stat-Xplore),,FALSE,TRUE,TRUE,<b>PMI New Business Index </b><br />%{x} | %{y:.1f},,.2s,FALSE,London households on Universal Credit or Housing Benefit,,,0,,Rachel Leeser
uc,DWP Benefit Statistics (Stat-Xplore),https://data.london.gov.uk,FALSE,FALSE,FALSE,%{y} (%{text} population),,%,FALSE,Proportion of Londoners on Universal Credit or housing benefit,,,0,,Rachel Leeser
payrempl,HM Revenue and Customs – Pay As You Earn Real Time,https://www.ons.gov.uk/file?uri=/employmentandlabourmarket/peopleinwork/earningsandworkinghours/datasets/realtimeinformationstatisticsreferencetableseasonallyadjusted/current/rtistatisticsreferencetableseasonallyadjusted.xlsx,FALSE,FALSE,FALSE,%{y},,%,FALSE,Payrolled employees,Percentage change on previous year,,0,,Chris Rocks
empl,ONS Labour Force Survey,https://www.ons.gov.uk/employmentandlabourmarket/peopleinwork/employmentandemployeetypes/datasets/headlinelabourforcesurveyindicatorsforlondonhi07,FALSE,FALSE,FALSE,%{y}%,,,TRUE,Employment rate ,% of working age population,,Helping Londoners into Good Work,,Chris Rocks
unempl,ONS Labour Force Survey,https://www.ons.gov.uk/employmentandlabourmarket/peopleinwork/employmentandemployeetypes/datasets/headlinelabourforcesurveyindicatorsforlondonhi07,FALSE,FALSE,FALSE,%{y}%,,,TRUE,Unemployment rate ,Aged 16 years and over,,Helping Londoners into Good Work,,Chris Rocks
inswk,ONS Annual Population Survey,https://data.london.gov.uk/dataset/insecure-employment,FALSE,FALSE,FALSE,%{y:.1f}% in insecure employment,,,TRUE,Percent employed in insecure employment,,,0,,Rachel Leeser
llw,ONS ASHE,https://data.london.gov.uk/dataset/earning-below-llw,FALSE,FALSE,FALSE,%{y} employees below the <br />minimum wage in %{x},,.2s,FALSE,Number of employee jobs below the London Living Wage,,,Helping Londoners into Good Work,,Rachel Leeser
frl,HMRC,https://www.gov.uk/government/collections/hmrc-coronavirus-covid-19-statistics,FALSE,FALSE,FALSE,"<b>%{x}:</b><br />%{y:,} people on CJRS",,.2s,FALSE,Total employments furloughed in London,from 1 July 2020,,0,,Chris Rocks
frlb,HMRC,https://www.gov.uk/government/collections/hmrc-coronavirus-covid-19-statistics,FALSE,TRUE,FALSE,%{y},,%,FALSE,"Employments furloughed (% of eligible employments) at 31 March, by borough",,,0,,Chris Rocks
seiss,HMRC,https://www.gov.uk/government/collections/hmrc-coronavirus-covid-19-statistics,FALSE,TRUE,TRUE,%{y},,%,TRUE,"Claims for the fifth SEISS grant as a proportion of the potentially eligible population at 15 August 2021, by Local Authority",,,0,,Chris Rocks
clmts,ONS (via Nomis),https://www.nomisweb.co.uk/,FALSE,FALSE,FALSE,%{y}%,,,FALSE,"Claimant Rate (% aged 16-64), not seasonally adjusted",,,0,,Chris Rocks
pstngs,"Emsi, 2020. ",http://www.economicmodelling.co.uk,FALSE,FALSE,FALSE,<b>Job Postings</b><br />%{x}: %{y} change on previous year,,%,TRUE,Monthly online job postings,Percentage change on previous year,,0,,Chris Rocks
intst,HESA,https://data.london.gov.uk,FALSE,TRUE,FALSE,%{y},,,FALSE,Number of international students at London universities,,,0,,Mike Hope
intvst,ONS,https://data.london.gov.uk,FALSE,FALSE,FALSE,<b>International visitors</b><br />%{x}: %{y:.1f} million,,,FALSE,Number of international visitors,,,0,,Mike Hope
mcwdy,Mastercard,https://data.london.gov.uk/dataset/mastercard-retail-location-insights,FALSE,FALSE,FALSE,%{y},,%,FALSE,Monthly spend across London on weekdays ,% of the corresponding 2019 monthly values  ,,0,,Paul Hodgson
mcwkd,Mastercard,https://data.london.gov.uk/dataset/mastercard-retail-location-insights,FALSE,FALSE,FALSE,%{y},,%,FALSE,Monthly spend across London at weekends,% of the corresponding 2019 monthly values  ,,0,,Paul Hodgson
gres,Google,https://www.google.com/covid19/mobility/,FALSE,FALSE,FALSE,%{y:.1f}%,%d %b %y,,FALSE,"People with Androids going to workplaces or working from home, compared to Jan 2020",,,High Streets for All,,Joe Heywood
gtransit,Google,https://www.google.com/covid19/mobility/,FALSE,FALSE,FALSE,%{y:.1f}%,%d %b %y,,FALSE,Passengers with Android phones in transit stations compared to Jan 2020,,,High Streets for All,,Joe Heywood
htrw,Heathrow Airport ,https://www.heathrow.com/company/investor-centre/reports/traffic-statistics,TRUE,FALSE,FALSE,%{y},,%,FALSE,Heathrow Traffic,Percentage change over same month in 2019,,0,,Michele Pittini
tfl,TfL,https://app.powerbi.com/view?r=eyJrIjoiMjZjMmQwYTktZjYxNS00MTIwLTg0ZjAtNWIwNGE0ODMzZGJhIiwidCI6IjFmYmQ2NWJmLTVkZWYtNGVlYS1hNjkyLWEwODljMjU1MzQ2YiIsImMiOjh9,FALSE,FALSE,FALSE,"%{y:,}",,.1s,FALSE,Demand for public transport ,Number of journeys by bus and Tube on the TfL network ,"ote: See the Resilience Dashboard for the latest data. For more detailed data, see the TfL Network Demand dashboard.  ",Transport and infrastructure,Demand/mode share,Abigail Lyons
coh,MOPAC Public Attitudes Survey,https://www.london.gov.uk/what-we-do/mayors-office-policing-and-crime-mopac/data-and-statistics/taking-part-mopacs-surveys,FALSE,FALSE,FALSE,%{y},,%,TRUE,Neighbourhood cohesion,Proportion who agree that people from different backgrounds get on well in their local area (%) ,,Community participation,Cohesion,Barry Fong
fmlvol,Community Life survey,https://www.gov.uk/government/collections/community-life-survey--2,FALSE,FALSE,FALSE,%{y:.1f}% ,,.0f,TRUE,Formal volunteering,Proportion who formally volunteered at least once in the last year (%) ,,Community participation,Civic Participation,Barry Fong
hlp,Community Life survey,https://www.gov.uk/government/collections/community-life-survey--2,FALSE,FALSE,FALSE,%{y},,,TRUE,Proportion of Londoners that have people who are there for them if they need help,,,Community participation,,Barry Fong
infhlp,Understanding Society COVID-19 Study,https://beta.ukdataservice.ac.uk/datacatalogue/studies/study?id=8644,FALSE,TRUE,FALSE,%{y},,,TRUE,Proportion of people providing support to people in different house/flat in last 4 weeks,,,0,,Barry Fong
nghb,Community Life survey,https://www.gov.uk/government/collections/community-life-survey--2,FALSE,FALSE,FALSE,%{y:.1f}%,,.0f,TRUE,Proportion of Londoners who chat to their neighbours at least once a month,,,Building Strong Communities,,Barry Fong
asb,MOPAC,https://www.london.gov.uk/what-we-do/mayors-office-policing-and-crime-mopac/data-and-statistics/crime-dashboard,FALSE,FALSE,FALSE,%{x}: %{y},,.2s,FALSE,"The number of Anti-Social Behaviour calls in London, received by the MPS",,,0,,Sophie Deakin
dmab,MOPAC,https://www.met.police.uk/sd/stats-and-data/met/hate-crime-dashboard/,FALSE,FALSE,FALSE,%{x}: %{y},,.2s,FALSE,The number of Domestic Abuse Incidents in London as recorded by the MPS ,,,0,,Sophie Deakin
htcrm,MOPAC,https://www.met.police.uk/sd/stats-and-data/met/hate-crime-dashboard/,FALSE,FALSE,FALSE,%{x}: %{y},,.2s,FALSE,Recorded hate crime,Number of hate crime offences in London as recorded by the MPS ,,Community participation,Cohesion,Sophie Deakin
tno,MOPAC,https://www.london.gov.uk/what-we-do/mayors-office-policing-and-crime-mopac/data-and-statistics/crime-dashboard,FALSE,FALSE,FALSE,%{x}: %{y},,.2s,FALSE,The number of Total Notifiable Offences (TNOs) in London as recorded by the MPS ,,,0,,Sophie Deakin
phys,YouGov / GLA,N/A (from ORS),FALSE,FALSE,FALSE,%{y},,,FALSE,Share of Londoners who did not take part in exercise on any day of the last week,,,0,,Barry Fong
prvl,NHS Quality Outcomes Framework,https://digital.nhs.uk/data-and-information/data-tools-and-services/data-services/general-practice-data-hub/quality-outcomes-framework-qof,TRUE,FALSE,FALSE,%{y},,,FALSE,"Prevalence of underlying health conditions in London, 2015/16 onwards",,,0,,Barry Fong
abspv,DWP Households Below Average Income,https://data.london.gov.uk/dataset/hbai-poverty,FALSE,FALSE,FALSE,%{y}%,,,TRUE,Individuals in households with income below 60% of 2010/11 real terms median (After Housing Costs),,,0,,Rachel Leeser
pvty,DWP Households Below Average Income,https://data.london.gov.uk/dataset/hbai-poverty,FALSE,FALSE,FALSE,%{y}%,,,TRUE,Individuals in households with income below 60% of median,(After Housing Costs),,0,,Rachel Leeser
blls,Understanding Society COVID-19 Study,https://beta.ukdataservice.ac.uk/datacatalogue/studies/study?id=8644,FALSE,FALSE,FALSE,<b>Behind with bills</b><br />%{text}: %{y:.1f}% ,,%,FALSE,Whether behind with some or all of their household bills,,,0,,Barry Fong
brrw,Understanding Society COVID-19 Study,https://beta.ukdataservice.ac.uk/datacatalogue/studies/study?id=8644,TRUE,FALSE,FALSE,"Among those earning less in <i>%{text}</i> than Jan/Feb, <br /><b>%{y:.1f}%</b> took on new borrowing from a bank or credit cards",,,FALSE,Proportion earning less than in Jan/Feb 2020 who have taken on new borrowing,,,0,,Barry Fong
fdins,Food Foundation,https://foodfoundation.org.uk/vulnerable-groups/,TRUE,FALSE,FALSE,<i>%{x}</i><br /><b>%{y}</b> reported experiencing food insecurity,,%,FALSE,Proportion of adults who have experienced food insecurity since the start of lockdown,,,Robust Safety Net,,Barry Fong
hmls,MHCLG Live Tables on homelessness,https://www.gov.uk/government/statistical-data-sets/live-tables-on-homelessness,FALSE,FALSE,FALSE,%{y},,.3s,FALSE,Total number of households owed a prevention or relief duty,,,0,,Rachel Leeser
rnt,Understanding Society COVID-19 Study,https://beta.ukdataservice.ac.uk/datacatalogue/studies/study?id=8644,TRUE,FALSE,FALSE,%{y:.1f}%,,%,FALSE,Whether not up to date with rent or mortgage,,,0,,Barry Fong
ca_rp,Citizens Advice,citizensadvice,FALSE,FALSE,FALSE,"%{y:,}",,,FALSE,Citizens Advice website page views,,,0,,Joe Heywood
rghlsp,CHAIN reports,https://data.london.gov.uk/dataset/chain-reports,FALSE,FALSE,FALSE,"%{y:,}",,.0f,FALSE,Number of people seen rough sleeping,,,Robust Safety Net,,Rachel Leeser
cnc,NHS England portal,https://www.england.nhs.uk/statistics/statistical-work-areas/cancer-waiting-times/,FALSE,FALSE,FALSE,%{y},,%,FALSE,Percentage of 2-week cancer referrals in London within target,,,0,,Joe Heywood
gp,NHS Appointments in General Practice,https://digital.nhs.uk/data-and-information/publications/statistical/appointments-in-general-practice,FALSE,TRUE,TRUE,%{y},,.2s,FALSE,GP Appointments,,,0,,Joe Heywood
mar,NHS England portal,https://www.england.nhs.uk/statistics/statistical-work-areas/hospital-activity/monthly-hospital-activity/mar-data/,FALSE,FALSE,FALSE,%{y},,.3s,FALSE,Monthly Hospital Admissions,,,0,,Ed Klodawski
anx,YouGov / GLA,N/A (from ORS),FALSE,FALSE,FALSE,%{y}%,,,FALSE,Proportion of adults reporting 'high' anxiety (8-10),,,0,,Barry Fong
lfsat,Understanding Society,https://www.understandingsociety.ac.uk/documentation,FALSE,FALSE,FALSE,%{y},,,FALSE,High or very high rating of satisfaction with their lives overall,,,Mental Health & Wellbeing,,Barry Fong
lnl,Understanding Society,https://www.understandingsociety.ac.uk/documentation,FALSE,FALSE,FALSE,%{y:.1f}%,,,FALSE,Proportion of Londoners who feel lonely often/always,,,Mental Health & Wellbeing,,Barry Fong
las_ass,SafeStats ,https://safestats.london.gov.uk/safestats/home,FALSE,FALSE,FALSE,%{y},,.0f,FALSE,Assault incidents involving a victim aged 10-24 that were attended by the London Ambulance Service,,,0,,Sophie Deakin
cpps,Department for Education,https://www.gov.uk/government/collections/statistics-children-in-need,TRUE,FALSE,FALSE,"%{y:,}",,.2s,FALSE,Children subject to a Child Protection Plan (CPP) with initial category of neglect as at 31 March,,,0,,Sophie Deakin
att,DfE: GCSEs (key stage 4),https://data.london.gov.uk/dataset/gcse-results-by-borough,FALSE,FALSE,FALSE,%{y},,,TRUE,Average Attainment 8 score per pupil,,,0,,Ben Peters
excl,DfE: Exclusions,https://www.gov.uk/government/collections/statistics-exclusions,FALSE,FALSE,FALSE,%{y:.1f}%,,,TRUE,Pupil enrolments with one or more fixed period exclusion (rate),,,0,,Ben Peters
rdnss,DfE: EYFSP,https://www.gov.uk/government/collections/statistics-early-years-foundation-stage-profile#history,FALSE,FALSE,FALSE,%{y},,%,TRUE,Proportion achieving a good level of development by the end of reception,,,0,,Ben Peters
ythemp,ONS Labour Force Survey,https://www.ons.gov.uk/employmentandlabourmarket/peopleinwork/employmentandemployeetypes/datasets/regionalemploymentbyagex01,FALSE,FALSE,FALSE,<b>Youth unemployment:</b><br />%{text}: %{y:.1f}%,,,FALSE,"Youth unemployment rate (aged 18-24, non-seasonally adjusted)",,,0,,Chris Rocks
neets,ONS Labour Force Survey.,https://data.london.gov.uk/dataset/young-people-not-employment-education-or-training-borough,FALSE,FALSE,FALSE,%{text}: %{y:.1f}%,,.0f,TRUE,"Young people not in Education, Employment or Training (NEET) ","% aged 18-24 (four-quarter moving average), latest data for period Oct-Dec 2022",,0,,Rachel Leeser
chobsf,PHE NCMP ,https://fingertips.phe.org.uk/profile/national-child-measurement-programme/data#page/9/gid/8000011/pat/15/par/E92000001/ati/6/are/E12000007/iid/90323/age/201/sex/4/cid/4/page-options/ovw-do-0,FALSE,FALSE,FALSE,%{x}: %{y:.1f}%,,,TRUE,Year 6: Prevalence of obesity (including severe obesity),,,0,,Ed Klodawski
imms,COVER data collected by PHE,UNKNOWN,FALSE,TRUE,TRUE,%{y}%,,,FALSE,"Percentage of children vaccinated by age 5, MMR 1st and 2nd dose (2020-21)",,,0,,Ed Klodawski
chphys,Sport England: Survey into adult physical activity attitudes and behaviour,https://www.sportengland.org/know-your-audience/demographic-knowledge/coronavirus?section=research,FALSE,FALSE,FALSE,%{y},,%,FALSE,Average time children spent doing physical activity on a typical day ,,,0,,Alice Major
chovrcrwd,English Housing Survey three year pooled data,https://data.london.gov.uk/dataset/housing-london,TRUE,FALSE,FALSE,%{y},,%,TRUE,Percentage of households with dependent children that were overcrowded,,,0,,Alice Major
chpv,DWP Households Below Average Income,https://data.london.gov.uk/dataset/hbai-poverty,FALSE,FALSE,FALSE,%{y}%,,,TRUE,Children in relative poverty - after housing costs,,,0,,Rachel Leeser
acprv,GLA comissioned research from YouGov 2019,UNKNOWN,FALSE,TRUE,FALSE,%{y},,%,FALSE,Access to private outdoor spaces by household type,,,0,,Alice Major
chtmout,Natural England/People and Nature Survey,https://www.gov.uk/government/collections/people-and-nature-survey-for-england,TRUE,FALSE,FALSE,%{y},,%,TRUE,Share of children who spent free time outside in green/natural spaces in last year,,,0,,Alice Major
chhapp,Children’s Society’s household survey,https://www.childrenssociety.org.uk/good-childhood,TRUE,TRUE,FALSE,%{y},,,FALSE,Average Scores (out of 10) across the Good Childhood Index well-being domains ,,,0,,Alice Major
ylstsf,Children’s Society analysis of Understanding Society Survey,https://www.childrenssociety.org.uk/good-childhood,FALSE,FALSE,FALSE,%{y},,,FALSE,Trends in children’s happiness - life as a whole in the UK,,,0,,Alice Major
cvpar,Community Life survey,https://www.gov.uk/government/collections/community-life-survey--2,FALSE,FALSE,FALSE,%{y},,,FALSE,Participation in civic participation at least once in the last year,,,Building Strong Communities,,Barry Fong
cvact,Community Life survey,https://www.gov.uk/government/collections/community-life-survey--2,FALSE,FALSE,FALSE,%{y},,,FALSE,Participation in civic activism at least once in the last year,,,Building Strong Communities,,Barry Fong
infvol,Community Life survey,https://www.gov.uk/government/collections/community-life-survey--2,FALSE,FALSE,FALSE,%{y},,.0f,TRUE,Informal volunteering,Proportion who informally volunteered at least once in the last year (%) ,,Community participation,Civic Participation,Barry Fong
infloc,Community Life survey,https://www.gov.uk/government/collections/community-life-survey--2,FALSE,FALSE,FALSE,%{y},,,TRUE,Influencing decisions in local area,Proportion who feel able to influence decisions affecting their local area (%) ,,Community participation,Democratic Participation,Barry Fong
ffbr,Ofcom,https://www.ofcom.org.uk/research-and-data/multi-sector-research/infrastructure-research,FALSE,FALSE,FALSE,%{y},,,FALSE,% of properties with access to full fibre,,,Digital Access,,Kabir Zaman
ntspt,Ofcom,https://www.ofcom.org.uk/research-and-data/multi-sector-research/infrastructure-research,FALSE,FALSE,FALSE,%{y},,,FALSE,% of properties with access to speeds <30mbps,,,Digital Access,,Kabir Zaman
prodj,ONS,https://www.ons.gov.uk/releases/subregionalproductivityintheukjuly2021,FALSE,FALSE,FALSE,%{y},,,FALSE,Labour productivity - nominal (smoothed) GVA per filled job (£),,,"Business, Jobs & Growth",,Christopher Rocks
prodh,ONS,https://www.ons.gov.uk/releases/subregionalproductivityintheukjuly2021,FALSE,FALSE,FALSE,%{y},,,FALSE,Labour productivity - nominal (smoothed) GVA per hour worked (£),,,"Business, Jobs & Growth",,Christopher Rocks
nghbel,"DCMS, Community Life Survey ",https://www.gov.uk/government/collections/community-life-survey--2,FALSE,FALSE,FALSE,%{y},,.0f,TRUE,Neighbourhood belonging,Proportion who feel they belong very or fairly strongly to their immediate neighbourhood (%) ,,Community participation,The neighbourhood,Barry Fong
ylstsf,PHE,https://fingertips.phe.org.uk/profile-group/mental-health/profile/cypmh/data#page/0,FALSE,FALSE,FALSE,%{y},,,FALSE,"Proportion of school pupils with social, emotional and mental health needs",,,Education,Health and Happiness,Barry Fong
votereg,0,0,FALSE,FALSE,FALSE,%{y},,%,TRUE,Voter registration,Proportion of eligible adults aged 18 and over who are registered for local elections (%) ,,Community participation,Democratic Participation,Barry Fong
socact,Community Life Survey data,https://www.gov.uk/government/collections/community-life-survey--2,FALSE,FALSE,FALSE,%{y},,.0f,TRUE,Social action,Proportion who were personally involved in social action in the last year (%) ,,Community participation,Civic Participation,Barry Fong
engarts,DCMS Taking Part Survey. ,https://www.gov.uk/government/statistics/taking-part-201920-arts,FALSE,FALSE,FALSE,%{y},,,TRUE,Proportion of Londoners who have engaged with the arts in the last 12 months,,,Engaging Londoners,,Barry Fong
hsafften,GLA / English Housing Survey,Housing survey link,FALSE,FALSE,FALSE,%{y},,,FALSE,Housing affordability,,,Capital Investment,,James Gleeson
netcomp,MHCLG,MHCLG link,FALSE,FALSE,FALSE,%{y},,,FALSE,Net number of homes completed,,,Capital Investment,,James Gleeson
dg_ess,Lloyds Bank UK Consumer Digital Index,https://www.lloydsbank.com/banking-with-us/whats-happening/consumer-digital-index.html,FALSE,FALSE,FALSE,%{y},,,FALSE,% of people with full Essential Digital Skills for Life,,,Digital Access,,Barry Fong
dg_fs,Lloyds Bank UK Consumer Digital Index,https://www.lloydsbank.com/banking-with-us/whats-happening/consumer-digital-index.html,FALSE,FALSE,FALSE,%{y},,,FALSE,% of people who have the Foundation Skill,,,Digital Access,,Barry Fong
pop,2019 ONS Mid-year Estimate,,FALSE,FALSE,FALSE,%{y},,.3s,FALSE,London population projections,,,0,,Wil Tonkiss
css,PHE COVID-19 Dashboard,https://data.london.gov.uk/dataset/coronavirus--covid-19--cases,FALSE,FALSE,FALSE,%{y},,.2s,FALSE,Daily Cases by date of specimin,,,0,,Joe Heywood
pop15,2020 ONS Mid-year Estimate,,FALSE,FALSE,FALSE,%{y},,.3s,FALSE,London Populaton projections (Aged 15 and under),,,0,,Wil Tonkiss
pop64,2021 ONS Mid-year Estimate,,FALSE,FALSE,FALSE,%{y},,.3s,FALSE,London Populaton projections (Aged 16-64),,,0,,Wil Tonkiss
pop65,2022 ONS Mid-year Estimate,,FALSE,FALSE,FALSE,%{y},,.3s,FALSE,London Populaton projections (Aged 65 and over),,,0,,Wil Tonkiss
sol_empgap,Source: ONS Annual Population Survey.  ,0,FALSE,FALSE,FALSE,%{y},,.0f,FALSE,Employment rate gaps,"Percentage points difference, latest data for period July 2022-June 2023",,The Economy and Labour Market,Jobs,Nick Jacob
aff,#N/A,#N/A,FALSE,FALSE,FALSE,%{y},,.3s,TRUE,#N/A,#N/A,#N/A,#N/A,,#N/A
sol_paye,0,0,FALSE,FALSE,FALSE,%{y},,.3s,FALSE,Payrolled employees,Latest data for period December 2021,,Micro,,Nick Jacob
sol_chmort,Office for National Statistics (ONS) ,https://fingertips.phe.org.uk/profile/child-health-profiles/data#page/4/gid/1938133228/pat/15/par/E92000001/ati/6/are/E12000007/iid/90801/age/177/sex/4/cat/-1/ctp/-1/yrr/3/cid/4/tbm/1/page-options/tre-do-1_car-do-0,FALSE,FALSE,FALSE,%{y},,.0f,TRUE,Child mortality rate (1-17 years),"Child mortality rate per 100,000 in London between 2010-12 and 2018-20 ",,Young people and education,Health and Happiness,Ellie Bloom
sol_inf_mort,Office for National Statistics (ONS) ,,FALSE,FALSE,FALSE,%{y},,.1f,TRUE,Infant mortality rate (under 1 years),"Infant deaths under 1 year of age per 1,000 live births between 2001-3 and 2020-22",,Young people and education,Health and Happiness,Ellie Bloom
sol_ment_dis,Understanding Society Survey,,FALSE,FALSE,FALSE,%{y},,.0f,TRUE,Children with a probable mental disorder (10-15 years),"Proportion of children aged 10-15 in the UK and London with a high or very high total difficulties score (18 or more)  (%), 2009-22",,Young people and education,Health and Happiness,Ellie Bloom
sol_obs,"NHS Digital, National Child Measurement Programme ",https://fingertips.phe.org.uk/profile/child-health-profiles/data#page/4/gid/1938133228/pat/15/par/E92000001/ati/6/are/E12000007/iid/90801/age/177/sex/4/cat/-1/ctp/-1/yrr/3/cid/4/tbm/1/page-options/tre-do-1_car-do-0,FALSE,FALSE,FALSE,%{y},,.0f,TRUE,Prevalence of obesity,Proportion of children in reception and year 6 that are obese (including severe obesity) ,,Young people and education,Health and Happiness,Ellie Bloom
sol_eyp,Department for Education.,https://www.gov.uk/government/collections/early-years-and-childcare-statistics?msclkid=cafec978b1a911ecb6311af99b23b677,FALSE,FALSE,FALSE,%{y},,.3s,FALSE,Registered early years providers,Proportion of registered early years providers across London in March and December between 2015 and 2023,,Young people and education,Early years,Ellie Bloom
sol_ofsted,GLA London Education Report 2020,https://www.london.gov.uk/sites/default/files/ler_early_years_aug2021.pdf,FALSE,FALSE,FALSE,%{y},,.0f,FALSE,Children and places in ‘good’ or ‘outstanding’ settings in London,The percentage of children and places in ‘good’ or ‘outstanding’ settings in London between 2018 and 2023,,Young people and education,Early years,Ellie Bloom
sol_eydev,Department for Education,https://www.gov.uk/government/collections/statistics-early-years-foundation-stage-profile,FALSE,FALSE,FALSE,%{y},,%,TRUE,Good level of development at age five ,Percentage of children with a good level of development at age five between 2013 and 2022,,Young people and education,Early years,Ellie Bloom
sol_feee,Department for Education,https://explore-education-statistics.service.gov.uk/data-tables/fast-track/e4ab4acd-b31c-40d6-bfca-035c23ce23bb,FALSE,FALSE,FALSE,%{y},,.0f,TRUE,Free Early Education Entitlement take up,Percentage of eligible children using at least part of their Free Early Education Entitlement between 2015 and 2023,,Young people and education,Early years,Ellie Bloom
sol_mthr,Office for National Statistics,https://www.ons.gov.uk/employmentandlabourmarket/peopleinwork/employmentandemployeetypes/adhocs/10834employmentinlondonandukbyparentalstatussexandethnicity2012to2019,FALSE,FALSE,FALSE,%{y},,%,TRUE,Mothers with dependent children in London who are in paid work ,Percentage of mothers with dependent children in London who are in paid work between 2012 and 2022,,Young people and education,Early years,Ellie Bloom
sol_engmat,Department for Education,https://www.gov.uk/government/collections/statistics-gcses-key-stage-4,FALSE,TRUE,FALSE,%{y},,.0f,TRUE,Standard 9-4 pass in English and Mathematics GCSEs ,Percentage of pupils who achieved a standard 9-4 pass in English and Mathematics GCSEs between 2015-16 and 2022-23,,Young people and education,Key stage 4,Ellie Bloom
sol_att8,Department for Education,https://www.gov.uk/government/collections/statistics-gcses-key-stage-4,FALSE,TRUE,FALSE,%{y},,.0f,TRUE,Average attainment 8 score,The average attainment 8 score per pupil in London and England between 2015-16 and 2022-23,,Young people and education,Key stage 4,Ellie Bloom
sol_prmexcl,Department for Education,https://www.gov.uk/government/collections/statistics-exclusions?msclkid=15fce2b4b1ab11ec997eb12469b4ef2f,FALSE,FALSE,FALSE,%{y},,.0f,TRUE,Permanent exclusion rate across all schools,The permanent exclusion rate13 across all schools in London and England between 2011-12 and 2020-21 ,,Young people and education,Key stage 4,Ellie Bloom
sol_susp,Department for Education,,FALSE,FALSE,FALSE,%{y},,.0f,TRUE,Suspension rate,"The rate of pupils with at least one suspension  per 10,000 for pupils with at least in London and England between 2011-12 and 2021-22",,Young people and education,Key stage 4,Ellie Bloom
sol_ftexcl,Department for Education,https://www.gov.uk/government/collections/statistics-exclusions?msclkid=15fce2b4b1ab11ec997eb12469b4ef2f,FALSE,FALSE,FALSE,%{y},,.1f,TRUE,Fixed-term exclusion rate,The fixed term exclusion rate11 for pupils with at least one fixed term exclusion in the academic year in London and England between 2011-12 and 2021-22,,Young people and education,Key stage 4,Ellie Bloom
sol_ehcp,Department for Education,https://www.gov.uk/government/collections/statistics-special-educational-needs-sen?msclkid=994b8750b1ab11ecb9341e7659d26250,FALSE,TRUE,FALSE,%{y},,%,FALSE,Annual change in the number of pupils and the number of pupils with an EHC plan or statement of SEN,Annual change in the number of pupils with an EHC plan or statement of SEN and the number of pupils in London and England between 2016-17 and 2022-23,,Young people and education,Special Needs/disabilities,Ellie Bloom
sol_lvl3,Department for Education,https://www.gov.uk/government/collections/statistics-attainment-at-19-years,FALSE,FALSE,FALSE,%{y},,.0f,TRUE,Achievement of at least 2 substantial level 3 qualifications,Percentage of students achieving at least two substantial level 3 qualifications in London and England between 2016-17 and 2022-23,,Young people and education,Post Key Stage 4,Ellie Bloom
sol_app,Department for Education,https://www.gov.uk/government/statistical-data-sets/fe-data-library-apprenticeships#apprenticeship-and-traineeships-annual-data,FALSE,FALSE,FALSE,%{y},,.2s,FALSE,Apprenticeship programme starts and completions,The number of apprenticeship programme starts and completions for under 19s and 19-24 year olds between 2014/15 and 2022/23,,Young people and education,Post Key Stage 4,Ellie Bloom
sol_sfty,"Public Attitudes Survey, MOPAC",https://dam.ukdataservice.ac.uk/media/455335/crimeconference8dec2014reddin.pdf?msclkid=a3b67b21b1ae11eca1112ad247a029d6,FALSE,TRUE,FALSE,%{y},,%,FALSE,Safety of local area for children and young people to grow up,Percentage of Londoners who agreed that their local area is a safe place for children and young people to grow up between 2017-18 and 2022-23,,Young people and education,Safety,Ellie Bloom
sol_nh_epc,DLUHC EPC live table NB1,https://www.gov.uk/government/statistical-data-sets/live-tables-on-energy-performance-of-buildings-certificates,FALSE,FALSE,FALSE,%{y},,.2s,FALSE,Annualised number of new homes completed in London,Energy Performance Certificates registered for new dwellings ,,Housing,Housing supply,James Gleeson
sol_nh_pln,0,0,FALSE,FALSE,FALSE,%{y},,.2s,FALSE,Annualised planning permissions for new homes in London,Number of planning permissions ,,Housing,Housing supply,James Gleeson
sol_epc,DLUHC EPC live table NB1,https://www.gov.uk/government/statistical-data-sets/live-tables-on-energy-performance-of-buildings-certificates,FALSE,FALSE,FALSE,%{y},,%,FALSE,"Energy efficiency ratings in new homes, London","% of homes registered with energy efficiency ratings of A or B, as a share of all new homes ",,Housing,Energy efficiency and affordability,James Gleeson
sol_hmlsdec,DLUHC statutory homelessness local authority tables,https://www.gov.uk/government/statistical-data-sets/live-tables-on-homelessness,FALSE,FALSE,FALSE,%{y},,.3s,FALSE,Homeless households assessed as owed a prevention relief or main duty in London,Number of households,,Housing,Housing need,James Gleeson
sol_rghslp,GLA CHAIN quarterly rough sleeping reports,https://data.london.gov.uk/dataset/chain-reports,FALSE,TRUE,TRUE,%{y},,.0f,FALSE,People seen sleeping rough in London for the first time ,Number of people,,Housing,Housing need,James Gleeson
sol_tempacc,DLUHC statutory homelessness local authority tables,https://www.gov.uk/government/statistical-data-sets/live-tables-on-homelessness,FALSE,TRUE,TRUE,%{y},,.2s,FALSE,Homeless households in temporary accommodation arranged by London boroughs ,Number of households,,Housing,Housing need,James Gleeson
sol_rnt_aff,Homelet Rental Index,https://homelet.co.uk/homelet-rental-index,FALSE,FALSE,FALSE,%{y},,%,TRUE,Private rent affordability,"Average of achieved rent as share of household income, for new tenancies ",,Housing, Energy efficiency and affordability,James Gleeson
sol_poss_clm,MOJ mortgage and landlord possession statistics ,https://www.gov.uk/government/collections/mortgage-and-landlord-possession-statistics,FALSE,FALSE,FALSE,%{y},,.2s,FALSE,Possession claims made by social or private landlords in London,Number of claims ,,Housing,Housing need,James Gleeson
sol_gva,"GLA calculations, Office for National Statistics",0,FALSE,FALSE,FALSE,%{y},,.0f,TRUE,"London’s output recovery from the pandemic, measured by real Gross Value Added ","Index, Q4 2019 = 100","Note: ‘Nowcast’ refers to the ONS’ Model-based early estimates of regional gross value added, which are experimental estimates of output growth produced using an econometric model. ",The Economy and Labour Market,Economy and Business,James Watson
sol_pmi,0,0,FALSE,TRUE,TRUE,%{y},,.2s,FALSE,PMI Business Activity Index ,,,Economy,,James Watson
sol_conf,GfK NOP,0,FALSE,FALSE,FALSE,%{y},,.0f,TRUE,Consumer confidence in London ,"Confidence index, 0 = neutral ",,The Economy and Labour Market,Economy and Business,James Watson
sol_mcard,0,0,FALSE,FALSE,FALSE,%{y},,%,FALSE,Weekly card spending on retail across London,% of the corresponding 2019 monthly values  ,,Economy,,James Watson
sol_mobility,Google Mobility,0,FALSE,FALSE,FALSE,%{y},,%,FALSE,Google Mobility,,,Economy,,James Watson
sol_cre,RICS,0,FALSE,FALSE,FALSE,%{y},,%,FALSE,RICS non-residential market demand sentiment ,,,Economy,,James Watson
sol_resi,RICS,0,FALSE,FALSE,FALSE,%{y},,%,FALSE,RICS residential market survey sentiment ,,,Economy,,James Watson
nghbtrst,Community Life survey,https://www.gov.uk/government/collections/community-life-survey--2,FALSE,FALSE,FALSE,%{y},,.0f,TRUE,Neighbourhood trust,Proportion who agree that many of the people can be trusted in their local neighbourhood (%) ,,Community participation,The neighbourhood,Barry Fong
sol_lpop,ONS mid-year population estimates,https://www.ons.gov.uk/peoplepopulationandcommunity/populationandmigration/populationestimates/datasets/populationestimatesforukenglandandwalesscotlandandnorthernireland,FALSE,FALSE,FALSE,%{y},,.2s,FALSE,Estimated population of London 2001 to 2022,Total population (millions),,Demography,Population change,Ben Corr
sol_intmig,0,0,FALSE,FALSE,FALSE,%{y},,.3s,FALSE,UK international migration,Annual flow for year ending ,,,,Ben Corr
sol_eumig,0,0,FALSE,FALSE,FALSE,%{y},,.3s,FALSE,UK international migration - European Union,Annual flow for year ending ,,,,Ben Corr
sol_pop_chng,ONS mid-year population estimates,https://www.ons.gov.uk/peoplepopulationandcommunity/populationandmigration/populationestimates/datasets/populationestimatesforukenglandandwalesscotlandandnorthernireland,FALSE,FALSE,FALSE,%{y},,.1f,TRUE,Annual Population Change,Change from previous mid-year (%) ,,,,Ben Corr
sol_gpfam,NHS Digital - Patients Registered at a GP Practice. GLA calculations.,0,FALSE,FALSE,FALSE,%{y},,0.10%,FALSE,Annual change in patient register: family ages ,"Change in count from year before (percent), London",Dotted line at 1 April 2020. Change relative to previous counts of persons one year younger.,,,Ben Corr
sol_gpyounga,NHS Digital - Patients Registered at a GP Practice. GLA calculations.,0,FALSE,FALSE,FALSE,%{y},,%,FALSE,Annual change in patient register: young adults (age 18 to 29) ,"Change in count from year before, London  ",Dotted line at 1 April 2020. Change relative to previous counts of persons one year younger.,,,Ben Corr
sol_gp_cohort,0,0,FALSE,FALSE,FALSE,%{y},,%,FALSE,Annual change in patient register by age group ,"Change in count from year before, London  ",,,,Ben Corr
sol_births,NHS Digital - Patients Registered at a GP Practice. GLA calculations.,0,FALSE,FALSE,FALSE,%{y},,%,TRUE,Changes in annual births over time,"London and Rest of England, annualised rate of change ",,Demography,Annual births,Ben Corr
sol_tno,MOPAC (Mayor’s Office for Policing and Crime) Crime Dashboard.  ,https://www.london.gov.uk/what-we-do/mayors-office-policing-and-crime-mopac/data-and-statistics/crime-dashboard,FALSE,FALSE,FALSE,%{y},,.2s,FALSE,Total Notifiable Offences ,Number of offences recorded by the MPS,,Crime and safety,Total Crime,Sophie Deakin
sol_asb,MOPAC (Mayor’s Office for Policing and Crime) Crime Dashboard.  ,https://www.london.gov.uk/what-we-do/mayors-office-policing-and-crime-mopac/data-and-statistics/crime-dashboard,FALSE,FALSE,FALSE,%{y},,.2s,FALSE,Anti-Social Behaviour,Number of calls received by the MPS,,Crime and safety,Safety,Sophie Deakin
sol_rob,MOPAC (Mayor’s Office for Policing and Crime) Crime Dashboard.  ,https://www.london.gov.uk/what-we-do/mayors-office-policing-and-crime-mopac/data-and-statistics/crime-dashboard,FALSE,FALSE,FALSE,%{y},,.2s,FALSE,Personal Robbery,Number of offences recorded by the MPS,,Crime and safety,Acquisitive Crime,Sophie Deakin
sol_tpo,MOPAC (Mayor’s Office for Policing and Crime) Crime Dashboard.  ,https://www.london.gov.uk/what-we-do/mayors-office-policing-and-crime-mopac/data-and-statistics/crime-dashboard,FALSE,FALSE,FALSE,%{y},,.1s,FALSE,Theft from Person Offences,Number of offences recorded by the MPS,,Crime and safety,Acquisitive Crime,Sophie Deakin
sol_tfmv,MOPAC (Mayor’s Office for Policing and Crime) Crime Dashboard.  ,https://www.london.gov.uk/what-we-do/mayors-office-policing-and-crime-mopac/data-and-statistics/crime-dashboard,FALSE,FALSE,FALSE,%{y},,.1s,FALSE,Theft from Motor Vehicles Offences,Number of offences recorded by the MPS,,Crime and safety,Acquisitive Crime,Sophie Deakin
sol_fraud,NFIB Fraud and Cyber Crime Dashboard,https://colpolice.maps.arcgis.com/apps/opsdashboard/index.html#/60499304565045b0bce05d2ca7e1e56c,FALSE,FALSE,FALSE,%{y},,.3s,FALSE,Fraud and Cyber Crime,Number of offences reported to Action Fraud ,"Only fraud and cyber-crime offences that constitute a crime under the Home Office Crime Recording rules are included. For note: data is only provided on the dashboard for the most recent 13-month period, hence the limited timeseries presented on the chart",Crime and safety,Acquisitive Crime,Sophie Deakin
sol_vwi,MOPAC (Mayor’s Office for Policing and Crime) Crime Dashboard.  ,https://www.london.gov.uk/what-we-do/mayors-office-policing-and-crime-mopac/data-and-statistics/crime-dashboard,FALSE,FALSE,FALSE,%{y},,.0f,FALSE,Non-Domestic Violence with Injury Offences ,Number of offences recorded by the MPS,The above chart does not include any offence that has been flagged as being a Domestic Abuse (DA) offence.,Crime and safety,Violence,Sophie Deakin
sol_da,MOPAC (Mayor’s Office for Policing and Crime) Crime Dashboard.  ,https://www.london.gov.uk/what-we-do/mayors-office-policing-and-crime-mopac/data-and-statistics/crime-dashboard,FALSE,FALSE,FALSE,%{y},,.2s,FALSE,Domestic Abuse Offences,Number of offences recorded by the MPS,,Crime and safety,Violence,Sophie Deakin
sol_hmcd,MPS (Metropolitan Police Service) Crime Data Dashboard,https://www.met.police.uk/sd/stats-and-data/met/crime-data-dashboard/,FALSE,FALSE,FALSE,%{y},,.0f,FALSE,Homicide Offences,Number of offences recorded by the MPS,,Crime and safety,Violence,Sophie Deakin
sol_knife,MOPAC Weapon-Enabled Crime Dashboard,https://www.london.gov.uk/what-we-do/mayors-office-policing-and-crime-mopac/data-and-statistics/weapon-enabled-crime-dashboard,FALSE,FALSE,FALSE,%{y},,.0f,FALSE,Non-Domestic Knife Crime with Injury Offences – Victim U25 ,Number of offences recorded by the MPS,,Crime and safety,Violence,Sophie Deakin
sol_hrsm,MOPAC (Mayor’s Office for Policing and Crime) Crime Dashboard.  ,https://www.london.gov.uk/what-we-do/mayors-office-policing-and-crime-mopac/data-and-statistics/crime-dashboard,FALSE,FALSE,FALSE,%{y},,.2s,FALSE,Harassment,Number of offences recorded by the MPS,,Crime and safety,Safety,Sophie Deakin
sol_sxoff,MOPAC (Mayor’s Office for Policing and Crime) Crime Dashboard.  ,https://www.london.gov.uk/what-we-do/mayors-office-policing-and-crime-mopac/data-and-statistics/crime-dashboard,FALSE,FALSE,FALSE,%{y},,.0f,FALSE,Sexual Offences,Number of offences recorded by the MPS,,Crime and safety,Violence,Sophie Deakin
sol_vctsat,0,0,FALSE,FALSE,FALSE,%{y},,%,FALSE,Satisfaction Level of Reporting Victims (MPS),Percentage of survey participants (USS/TDIU),,Crime and safety,Safety,Sophie Deakin
sol_fair,MOPAC Public Voice Dashboard,https://www.london.gov.uk/what-we-do/mayors-office-policing-and-crime-mopac/data-and-statistics/public-voice-dashboard,FALSE,FALSE,FALSE,%{y},,%,FALSE,Fair Treatment by the Metropolitan Police Service ,Percentage of survey participants (PAS) who agree,,Crime and safety,Safety,Sophie Deakin
sol_brglry,MOPAC (Mayor’s Office for Policing and Crime) Crime Dashboard.  ,https://www.london.gov.uk/what-we-do/mayors-office-policing-and-crime-mopac/data-and-statistics/crime-dashboard,FALSE,FALSE,FALSE,%{y},,.1s,FALSE,Burglary Offences,Number of offences recorded by the MPS,,Crime and safety,Acquisitive Crime,Sophie Deakin
sol_dark,MOPAC Public Voice Dashboard.,https://www.london.gov.uk/what-we-do/mayors-office-policing-and-crime-mopac/data-and-statistics/public-voice-dashboard,FALSE,TRUE,FALSE,%{y},,%,FALSE,Feeling of Safety after Dark ,Percentage of survey participants (PAS) that feel unsafe walking alone in their local area after dark ,,Crime and safety,Safety,Sophie Deakin
sol_busbd,ONS Business Demography,https://www.ons.gov.uk/businessindustryandtrade/business/activitysizeandlocation/datasets/businessdemographyquarterlyexperimentalstatisticsuk,FALSE,FALSE,FALSE,%{y},,.2s,FALSE,Business births and closures,Number of births and closures (four-quarter moving average) ,Experimental data,The Economy and Labour Market,Economy and Business,Mike Hope
sol_greenhouse,"GLA, LEGGI 2018",https://data.london.gov.uk/dataset/leggi,FALSE,TRUE,TRUE,%{y},,.0f,FALSE,Greenhouse Gas emissions in London,Megatons of CO2 equivalent ,,Environment,Greenhouse,Sarah Willis
sol_modesplit,TfL (2021) ‘Travel in London Report 14’,https://content.tfl.gov.uk/travel-in-london-report-14.pdf,FALSE,FALSE,FALSE,%{y},,%,FALSE,"Active, efficient, and sustainable travel","Proportion of trips by active, efficient, and sustainable travel ",,Transport and infrastructure,Demand/mode share,Abigail Lyons
sol_actvtrav,TfL (2021) ‘Travel in London Report 14’,https://content.tfl.gov.uk/travel-in-london-report-14.pdf,FALSE,FALSE,FALSE,%{y},,%,FALSE,Active Travel,Proportion of London residents aged 20+ who achieve at least 20 minutes of active travel per day,,Transport and infrastructure,Active Travel,Abigail Lyons
sol_rd_safety,TfL (2021) ‘Travel in London Report 14’,https://content.tfl.gov.uk/travel-in-london-report-14.pdf,FALSE,FALSE,FALSE,%{y},,.0f,FALSE,Road traffic collisions ,Number of people killed or seriously injured (KSI) in road traffic collisions ,"For more detailed data, see the Road safety data reports. ",Transport and infrastructure,Safety,Abigail Lyons
sol_bus_safety,TfL (2021) ‘Travel in London Report 14’,https://content.tfl.gov.uk/travel-in-london-report-14.pdf,FALSE,FALSE,FALSE,%{y},,.0f,FALSE,Safety on the bus network ,Number of people killed or seriously (KSI) injured by a bus,"For more detailed data, see the Road safety data reports. ",Transport and infrastructure,Safety,Abigail Lyons
sol_accessibility,TfL (2021) ‘Travel in London Report 14’,https://content.tfl.gov.uk/travel-in-london-report-14.pdf,FALSE,FALSE,FALSE,%{y},,%,FALSE,Physical accessibility of network ,Relative additional journey time using the step-free network (mins) ,,Transport and infrastructure,Accessiblity/Affordability,Abigail Lyons
sol_crowding,TfL (2021) ‘Travel in London Report 14’,https://content.tfl.gov.uk/travel-in-london-report-14.pdf,FALSE,FALSE,FALSE,%{y},,%,FALSE,0,,,Transport and infrastructure,,Abigail Lyons
sol_bus,TfL (2021) ‘Travel in London Report 14’,https://content.tfl.gov.uk/travel-in-london-report-14.pdf,FALSE,FALSE,FALSE,%{y},,.0f,FALSE,Bus service performance ,Average speed (mph),,Transport and infrastructure,Quality,Abigail Lyons
sol_tube,0,0,FALSE,TRUE,FALSE,%{y},,%,FALSE,London Underground service performance,Scheduled and operated kilometres.,,Transport and infrastructure,Quality,Abigail Lyons
sol_traffic,TfL. Note: Data shown above is weekly. ,0,FALSE,FALSE,FALSE,%{y},,.0f,FALSE,Road traffic statistics,"All motor vehicle traffic flows by area, 13-period rolling average, 2008/09-2021/23. Index: 2006/07=100 ",,Transport and infrastructure,Efficiency,Abigail Lyons
sol_flfb,Ofcom,https://www.ofcom.org.uk/research-and-data/multi-sector-research/infrastructure-research,FALSE,FALSE,FALSE,%{y},,%,TRUE,Full Fibre availability ,% of premises able to access full fibre,,Transport and infrastructure,Digital,Abigail Lyons
sol_notspot,Ofcom,https://www.ofcom.org.uk/research-and-data/multi-sector-research/infrastructure-research,FALSE,FALSE,FALSE,%{y},,%,TRUE,Superfast broadband unavailability,% of premises unable to access superfast broadband (speeds >30Mbit/s) ,,Transport and infrastructure,Digital,Abigail Lyons
sol_digaff,Ofcom,https://www.ofcom.org.uk/research-and-data/multi-sector-research/infrastructure-research,FALSE,FALSE,FALSE,%{y},,%,TRUE,Broadband affordability,"Proportion of all adults 18+ who have experienced any affordability issues with their fixed broadband service in the last month, June-October 2021. ",,Transport and infrastructure,,Abigail Lyons
sol_uchh,DWP Benefits data via Stat-Xplore ,https://stat-xplore.dwp.gov.uk/,FALSE,TRUE,TRUE,%{y},,.1s,FALSE,Working age London Households on means tested benefits,Households claiming one or both of the two main means-tested benefits in London ,,"Income, poverty and destitution",Poverty,Rachel Leeser
sol_ucws,DWP Benefits data via Stat-Xplore ,https://stat-xplore.dwp.gov.uk/,FALSE,TRUE,TRUE,%{y},,.1s,FALSE,Londoners claiming Universal Credit by work status,"Summarised work conditionality status of people on Universal Credit, Mar 2020-Apr 2023",,"Income, poverty and destitution",Poverty,Rachel Leeser
sol_relpov,DWP Households Below Average Income,https://www.gov.uk/government/collections/households-below-average-income-hbai--2,FALSE,FALSE,FALSE,%{y},,.0f,FALSE,Relative poverty in London ,Percentage of people living in London households with income below 60% contemporary median – After Housing Costs (AHC) ,,"Income, poverty and destitution",Poverty,Rachel Leeser
sol_struggfin,YouGov survey Jan-Apr 2022,https://data.london.gov.uk/dataset/gla-poll-results-cost-of-living-2022,FALSE,TRUE,TRUE,%{y},,%,FALSE,Struggling financially,"Percentage of people in different financial situations,  London quarterly data shown Jan 22-Apr 23",,"Income, poverty and destitution",Poverty,Rachel Leeser
sol_matdep_c,DWP Households Below Average Income 2017/18-2019/20,https://www.gov.uk/government/collections/households-below-average-income-hbai--2,FALSE,TRUE,TRUE,%{y},,.0f,FALSE,Material deprivation among Children ,% of children who experience material deprivation and low income by region,,"Income, poverty and destitution",Poverty,Rachel Leeser
sol_matdep_o,"DWP Households Below Average Income, DWP",https://www.gov.uk/government/collections/households-below-average-income-hbai--2,FALSE,TRUE,TRUE,%{y},,.0f,TRUE,Material Deprivation among older people ,Percentage of pensioners in material deprivation by region (2019/20-2021/22) ,"Note: Data for the North East, Wales, Inner and Outer London is suppressed due to small sample sizes.","Income, poverty and destitution",Poverty,Rachel Leeser
sol_fuelpov,"BEIS Low Income, Low Energy Efficiency dataset",https://www.gov.uk/government/collections/fuel-poverty-statistics,FALSE,FALSE,FALSE,%{y},,.0f,TRUE,Fuel Poverty,"Proportion of households in fuel poverty, London and England 2010 to 2022","Note: Prior to the 2019 data release, fuel poverty was defined on the basis of Low Income High Costs. This new definition replaces the previous dataset. ","Income, poverty and destitution",Desititution,Rachel Leeser
sol_foodsec,DWP Family Resources Survey 2020/21,https://www.gov.uk/government/collections/family-resources-survey--2,FALSE,TRUE,TRUE,%{y},,.0f,FALSE,Food security,Percentage of households with differing levels of food insecurity ,,"Income, poverty and destitution",Desititution,Rachel Leeser
sol_persins,Insolvency Service,https://www.gov.uk/government/collections/individual-insolvency-statistics-releases,FALSE,FALSE,FALSE,%{y},,.0f,TRUE,Debt and Personal Insolvencies,"Insolvencies per 10,000 population ",,"Income, poverty and destitution",Desititution,Rachel Leeser
sol_nghb,Community Life survey,https://www.gov.uk/government/collections/community-life-survey--2,FALSE,FALSE,FALSE,%{y},,.0f,TRUE,Talking to neighbours,Proportion who chat to their neighbours at least once a month (%) ,,Community participation,Relationships,Barry Fong
sol_hlp,Community Life survey,https://www.gov.uk/government/collections/community-life-survey--2,FALSE,FALSE,FALSE,%{y},,.0f,TRUE,Social isolation,Proportion who agree that if they needed help there are people who would be there for them (%) ,,Community participation,Relationships,Barry Fong
sol_culture,Survey of Londoners 2018-19 and GLA/YouGov,https://data.london.gov.uk/dataset/survey-of-londoners-headline-findings,FALSE,FALSE,FALSE,%{y},,.0f,FALSE,Participation in formal culture and events,Proportion who have participated in formal culture and events in the last month (%) ,,Community participation,Social Participation,Barry Fong
sol_sport,Survey of Londoners 2018-19 and GLA/YouGov,https://data.london.gov.uk/dataset/survey-of-londoners-headline-findings,FALSE,FALSE,FALSE,%{y},,.0f,FALSE,Participation in sport,Proportion who have participated in sport in the last month (%) ,,Community participation,Social Participation,Barry Fong
sol_phtcrm,"MOPAC, Public Attitude Survey (PAS)",https://www.london.gov.uk/what-we-do/mayors-office-policing-and-crime-mopac/data-and-statistics/taking-part-mopacs-surveys,FALSE,FALSE,FALSE,%{y},,%,FALSE,Perception of hate crime,Proportion who think hate crime is a major/minor problem in their area (%) ,,Community participation,Cohesion,Barry Fong
sol_o2mobility,Anonymised and Aggregated data by O2,0,FALSE,FALSE,FALSE,%{y},,%,FALSE,Thriving local high streets,"Proportion of 2019 footfall in local high streets in the CAZ and outside of the CAZ, using weekend visitors at 12pm (%)",,Community participation, Local Institutions,Barry Fong
sol_mobaff,Ofcom,https://www.ofcom.org.uk/research-and-data/multi-sector-research/infrastructure-research,FALSE,FALSE,FALSE,%{y},,%,TRUE,Mobile affordability,"Proportion of all adults 18+ who have experienced any affordability issues with their mobile phone in the last month, June-October 2021 ",,Transport and infrastructure,,Abigail Lyons
sol_workforce,GLA Economics analysis of ONS Workforce Jobs (via Nomis,https://www.ons.gov.uk/employmentandlabourmarket/peopleinwork/employmentandemployeetypes/datasets/workforcejobsbyregionandindustryjobs05,FALSE,FALSE,FALSE,%{y},,.2s,FALSE,Total Workforce Jobs ,"Number of jobs (millions), latest data for June 2023",,The Economy and Labour Market,Jobs,Nick Jacob
sol_ggdat,kMatrix/GLA,https://www.london.gov.uk/sites/default/files/london_low_carbon_market_snapshot_-_2019.pdf,FALSE,FALSE,FALSE,%{y},,.0f,FALSE,Growth in the low carbon sector in London,,,Green New Deal,,Simon Wykes 
sol_ggemp,kMatrix/GLA,https://www.london.gov.uk/sites/default/files/london_low_carbon_market_snapshot_-_2019.pdf,FALSE,FALSE,FALSE,%{y},,.0f,FALSE,Employment in low carbon sector in London,,,Green New Deal,,Simon Wykes 
sol_insttrst,GLA/YouGov,0,FALSE,FALSE,FALSE,%{y},,%,FALSE,Trust in institutions,"Proportion who trust various services, using a five-point scale (%) ",,Community participation,Local Institutions,Barry Fong
sol_llw,Annual Survey of Hours and Earning,https://data.london.gov.uk/dataset/earning-below-llw,FALSE,FALSE,FALSE,%{y},,.0f,TRUE,Employee jobs below the London Living Wage,% of employee jobs,% of employee jobs in London paid less than the London Living Wage (LLW) vs employee jobs in the ,The Economy and Labour Market,Jobs,
sol_insemp,ONS Annual Population Survey. ,https://data.london.gov.uk/dataset/insecure-employment?q=insecure%20employment,FALSE,FALSE,FALSE,%{y},,%,TRUE,Workers in insecure employment ,% of workers in insecure employment by place of residence,,The Economy and Labour Market,Jobs,0
sol_noloqual,ONS Annual Population Survey,0,FALSE,FALSE,FALSE,%{y},,.0f,TRUE,Population with no or low qualifications ,"% aged 16-64, latest data for period Jan 2021-Dec 2021",,The Economy and Labour Market,Skills,0
sol_neets,ONS Labour Force Survey,0,FALSE,FALSE,FALSE,%{y},,.0f,TRUE,"Young people not in Education, Employment or Training (NEET)",% aged 18-24 (four-quarter moving average) ,,The Economy and Labour Market,Skills,0
sol_ylstsf,Children’s Society analysis of Understanding Society Survey,https://www.childrenssociety.org.uk/good-childhood,FALSE,FALSE,FALSE,%{y},,.1f,TRUE,Children’s happiness with life as a whole,Children’s mean happiness score for life as a whole between 2011-12 and 2020-21,,Young people and education,Health and Happiness,Yamini Cinamon Nair
sol_fdi,"fDi Markets, from the Financial Times Ltd",0,FALSE,FALSE,FALSE,%{y},,.0f,FALSE,Foreign Direct Investment (FDI) into London ,Number of projects (top series) and Capex £m (bottom series) ,,The Economy and Labour Market,Economy and Business,James Watson
sol_prspov,DWP Income Dynamics,https://www.gov.uk/government/collections/income-dynamics-statistics,FALSE,TRUE,FALSE,%{y},,.0f,TRUE,Persistent poverty,Percentage in persistent poverty after housing costs (2016-2020) ,,"Income, poverty and destitution",Poverty,Rachel Leeser
sol_birthsd,NHS Digital - Patients Registered at a GP Practice. GLA calculations.,0,FALSE,FALSE,FALSE,%{y},,.3s,FALSE,Annual births and children age 0 on the patient register,London (thousands),"Note: Births plotted by date of year ending, persons aged 0 by extract date",,,Ben Corr
sol_pensmeans,DWP Benefits data via Stat-Xplore ,https://stat-xplore.dwp.gov.uk/,FALSE,TRUE,TRUE,%{y},,.2s,FALSE,Pensioners claiming means tested benefits,Residents in London over state pensionable age claiming Pension Credit or Housing Benefit ,,"Income, poverty and destitution",Poverty,Rachel Leeser
sol_dhhinc,DWP Benefits data via Stat-Xplore ,https://stat-xplore.dwp.gov.uk/,FALSE,FALSE,FALSE,%{y},,.0f,FALSE,"Median disposable income and income inequality, London","Weekly Disposable Household Income After Housing Costs, London ",3-year average median equivalised income AHC indexed to 2019/20 prices,"Income, poverty and destitution",Income inequality,Rachel Leeser
sol_wfprof,GLA Economics analysis of ONS Workforce Jobs (via Nomis) ,https://www.ons.gov.uk/employmentandlabourmarket/peopleinwork/employmentandemployeetypes/datasets/workforcejobsbyregionandindustryjobs05,FALSE,FALSE,FALSE,%{y},,.2s,FALSE,Workforce Jobs profile by broad sector,"Number of jobs in sections A-S (millions), latest data for June 2023",,The Economy and Labour Market,Jobs,Chris Rocks
sol_inact,ONS Labour Force Survey,0,FALSE,FALSE,FALSE,%{y},,.0f,TRUE,Economic inactivity,"% aged 16-64, latest data for period Jan-Mar 2023","The London margin of error is not published for economic inactivity rates, the UK margin is +/- 0.3%.",The Economy and Labour Market,Jobs,Nick Jacob
sol_quals,0,0,FALSE,TRUE,TRUE,%{y},,.0f,FALSE,Qualifications by level: London and UK ,"Level of highest qualification, % aged 16-64  ",,Micro,,Nick Jacob
sol_empl,ONS Labour Force Survey,0,FALSE,FALSE,FALSE,%{y},,.0f,TRUE,Employment rate,"% aged 16-64, latest data for period July-September 2023",The margin of error for employment rate estimates is +/- 1.5% for London and +/- 0.1% for the UK. ,The Economy and Labour Market,Jobs,Chris Rocks
sol_unempl,ONS Labour Force Survey,0,FALSE,FALSE,FALSE,%{y},,.0f,TRUE,Unemployment rate,"% economically active population, latest data for period July-September 2023",The margin of error for employment rate estimates is +/- 1.5% for London and +/- 0.1% for the UK. ,The Economy and Labour Market,Jobs,Chris Rocks
sol_transp_aff,TfL (2021) ‘Travel in London Report 14’,https://content.tfl.gov.uk/travel-in-london-report-14.pdf,FALSE,TRUE,TRUE,%{y},,.0f,FALSE,Transport Affordability,Household expenditure on transport in pounds,,Transport and infrastructure,Accessiblity/Affordability,Abigail Lyons
sol_life_exp64,Office for National Statistics (ONS),https://www.ons.gov.uk/peoplepopulationandcommunity/healthandsocialcare/healthandlifeexpectancies/bulletins/healthstatelifeexpectanciesuk/2018to2020,FALSE,FALSE,FALSE,%{y},,.1f,TRUE,Healthy life expectancy at age 60-64 years,"In London and England, by sex (2011-13 to 2018–20) ",,Health and Wellbeing,"Life expectancy, mortality and inequalities",Veronica Tuffrey 
sol_life_exp02,Office for National Statistics (ONS),https://www.ons.gov.uk/peoplepopulationandcommunity/healthandsocialcare/healthandlifeexpectancies/bulletins/healthstatelifeexpectanciesuk/2018to2020,FALSE,FALSE,FALSE,%{y},,.1f,TRUE,Healthy life expectancy at birth,"In London and England, by sex (2011-13 to 2018–20) ",,Health and Wellbeing,"Life expectancy, mortality and inequalities",Veronica Tuffrey 
sol_75_mort,OHID Health Profile for London Report,https://fingertips.phe.org.uk/static-reports/health-profile-for-england/regional-profile-london.html,FALSE,TRUE,FALSE,%{y},,.0f,FALSE,Under 75-year mortality rate by deprivation decile in London,"Comparison of the three years 2019 – 2021. All-cause age-standardised mortality rate per 100,000 population ",,Health and Wellbeing,"Life expectancy, mortality and inequalities",Veronica Tuffrey 
sol_adult_mort,Office for National Statistics (via Nomis),https://www.nomisweb.co.uk/datasets/mortsa,FALSE,TRUE,FALSE,%{y},,.0f,FALSE,Main causes of adult mortality in London by gender (2021) ,Number of deaths in people aged over 20 years,,Health and Wellbeing,"Life expectancy, mortality and inequalities",Veronica Tuffrey 
sol_prev_disease,NHS Segmentation Model,https://tabanalytics.data.england.nhs.uk/#/site/viewpoint/views/Segmentation/Prevalence?:iid=1,FALSE,TRUE,FALSE,%{y},,.0f,FALSE,"Prevalence of common diseases in older adults in London,  ","In people aged 65 – 84 years by most and least deprived quintiles, June 2021",,Health and Wellbeing,Inequalities in morbidity,Veronica Tuffrey 
sol_adult_anx,Office for National Statistics (Based on Labour Force Survey) ,https://www.ons.gov.uk/peoplepopulationandcommunity/wellbeing/bulletins/measuringnationalwellbeing/april2021tomarch2022,FALSE,FALSE,FALSE,%{y},,.1f,TRUE,Anxiety and life satisfaction for adults,"In London, 2011-12 to 2021-22","Mean responses to “Overall, how anxious did you feel yesterday”, and ""Overall, how satisfied are you with your life nowadays?” (where 0 is “not at all anxious/ satisfied” and 10 is “completely anxious/ satisfied”); X axis labels refer to the year ending in March of that year.",Health and Wellbeing,Inequalities in morbidity,Veronica Tuffrey 
sol_semh,Department of Education ,https://explore-education-statistics.service.gov.uk/find-statistics/special-educational-needs-in-england,FALSE,TRUE,FALSE,%{y},,.0f,TRUE,"Percentage of school pupils with social, emotional and mental health needs","In London and England, by ethnicity (2021/22)","Data in the chart includes state-funded nursery, primary, secondary and special schools, non-maintained special schools and pupil referral units",Health and Wellbeing,Inequalities in morbidity,Veronica Tuffrey 
sol_smoke,OHID Public health profiles (based on the Annual Population Survey),https://fingertips.phe.org.uk/search/smoking#page/7/gid/1/pat/15/par/E92000001/ati/6/are/E12000007/iid/93798/age/168/sex/4/cat/-1/ctp/-1/yrr/1/cid/4/tbm/1/page-options/car-do-0_ine-yo-1:2020:-1:-1_ine-ct-137_ine-pt-0_ine-ao-0,FALSE,FALSE,FALSE,%{y},,.0f,TRUE,Smoking prevalence in adults in London by housing tenure (2021) ,Prevalence of current smoking among persons age 18 year and over ,,Health and Wellbeing,Behavioural risk factors,Veronica Tuffrey 
sol_cancdep,NHS National Cancer Registration and Analysis Service,https://www.cancerdata.nhs.uk/cwt_conversion_and_detection,FALSE,FALSE,FALSE,%{y},,.0f,FALSE,Cancer referral rate in London by deprivation quintile,"Number of urgent suspected cancer referrals (“two-week wait referrals”) / 100,000",,Health and Wellbeing,Healthcare inequalities,Veronica Tuffrey 
sol_covjabs,COVID-19 Health Inequalities Monitoring for England (CHIME) tool,https://analytics.phe.gov.uk/apps/chime/,FALSE,FALSE,FALSE,%{y},,.0f,FALSE,"Percentage of adults who have received three COVID-19 vaccinations in London, by ethnic group, November 2021 – Jan 2023","Cumulative percentage of adults (18+ years) who have received three COVID vaccinations, , 2009/10 to 2020/21",,Health and Wellbeing,Healthcare inequalities,Veronica Tuffrey 
sol_lbw,TBA,TBA,FALSE,FALSE,FALSE,%{y},,.1f,TRUE,"Prevalence of Low Birth Weight in London, 2006 - 2021 ","Percentage of all live births with gestational age of 37+ weeks, with a birth weight of",,Health and Wellbeing,Healthcare inequalities,Veronica Tuffrey 
sol_cob_uk,ONS Census estimates,https://www.ons.gov.uk/census,FALSE,FALSE,FALSE,%{y},,.2s,FALSE,Population of London 2001 to 2021 by whether born in UK,Total population (millions),,Demography,Population change,Ben Corr
sol_cob,ONS Census estimates,https://www.ons.gov.uk/census,FALSE,FALSE,FALSE,%{y},,.2s,FALSE,Non-UK born population of London 2001 to 2021 by place of birth,Total population (millions),,Demography,Population change,Ben Corr
sol_ann_births,0,0,FALSE,FALSE,FALSE,%{y},,.2s,FALSE,Annual births in London 2001 to 2023,Annual live births for year ending (thousands),,Demography,Annual births,Ben Corr
sol_mcob_uk,ONS Live birth estimates,https://www.ons.gov.uk/peoplepopulationandcommunity/birthsdeathsandmarriages/livebirths,FALSE,FALSE,FALSE,%{y},,.2s,FALSE,Annual births in London by mother’s region of birth 2001 to 2022,Annual live births by calendar year (thousands),,Demography,Annual births,Ben Corr
sol_mcob,ONS Live birth estimates,https://www.ons.gov.uk/peoplepopulationandcommunity/birthsdeathsandmarriages/livebirths,FALSE,FALSE,FALSE,%{y},,.2s,FALSE,Annual births in London by mother’s place of birth 2001 to 2022,Annual live births by calendar year (thousands),,Demography,Annual births,Ben Corr
sol_infmor,OHID Public Health Outcomes Framework,https://fingertips.phe.org.uk/profile/public-health-outcomes-framework/data#page/4/gid/1000049/pat/15/par/E92000001/ati/6/are/E12000007/iid/90362/age/1/sex/1/cat/-1/ctp/-1/yrr/3/cid/4/tbm/1/page-options/tre-do-1,FALSE,FALSE,FALSE,%{y},,.2s,FALSE,Infant mortality rate by London borough,Infant deaths under 1 year of age per 1000 live births,,Health and Wellbeing,,Veronica Tuffrey 
sol_obesity,OHID Public Health Outcomes Framework,https://fingertips.phe.org.uk/profile/public-health-outcomes-framework/data#page/4/gid/1000049/pat/15/par/E92000001/ati/6/are/E12000007/iid/90362/age/1/sex/1/cat/-1/ctp/-1/yrr/3/cid/4/tbm/1/page-options/tre-do-1,FALSE,FALSE,FALSE,%{y},,.2s,FALSE,Percentage of adults classified as overweight/obese by London borough (2021/22),% adults (aged 18+ years) with body mass index greater or equal to 25 kg/m2,,Health and Wellbeing,Behavioural risk factors,Veronica Tuffrey 
sol_physact,OHID Public Health Outcomes Framework,https://fingertips.phe.org.uk/profile/public-health-outcomes-framework/data#page/4/gid/1000049/pat/15/par/E92000001/ati/6/are/E12000007/iid/90362/age/1/sex/1/cat/-1/ctp/-1/yrr/3/cid/4/tbm/1/page-options/tre-do-1,FALSE,FALSE,FALSE,%{y},,.2s,FALSE,Percentage of physically active adults by London borough (2021/22),% adults (aged 19+ years) doing 150+ minutes/week moderate intensity activity in bouts of 10+ minutes in previous 28 days,,Health and Wellbeing,Behavioural risk factors,Veronica Tuffrey 
sol_asthma,OHID Child and Maternal Health fingertips profiles,https://fingertips.phe.org.uk/profile/child-health-profiles,FALSE,FALSE,FALSE,%{y},,.2s,FALSE,Hospital admissions for asthma (< 19 years) by London borough (2021/22),"Emergency hospital admissions for asthma for children under 19 years, crude rate per 100,000",,Health and Wellbeing,,Veronica Tuffrey 
sol_spending,Mastercard,0,FALSE,FALSE,FALSE,%{y},,.2s,FALSE,Weekly card spending on retail across London,"Index, February 2020 = 100 ",,The Economy and Labour Market,Economy and Business,Chris Rocks
sol_highqual,ONS Annual Population Survey,TBA,FALSE,TRUE,FALSE,%{y},,%,FALSE,Proportion of people with Level 4 or above and with no qualifications in London,"% aged 16-64, latest data for period Jan 2022-Dec 2022",From 2022 the qualification framework presented in the data moved from the National Vocational Qualifications (NVQ) to the Regulated Qualification Framework (RQF) framework,The Economy and Labour Market,Skills,Monet Durieux
sol_ssv,"Department for Education, Employer Skills Survey 2017 and 2022",TBA,FALSE,TRUE,FALSE,%{y},,%,FALSE,Skills-shortage vacancies as a proportion of all vacancies ,"By industry, London, 2017 and 2022",,The Economy and Labour Market,Skills,Monet Durieux
sol_fe_skills,Department for Education,TBA,FALSE,FALSE,FALSE,%{y},,.2s,FALSE,"Further education and skills 19+ participation, London and England ",2011/12 to 2022/23,,The Economy and Labour Market,Skills,Monet Durieux
sol_footfall,,,FALSE,FALSE,FALSE,%{y},,.0f,FALSE,Footfall,"Proportion of 2019 footfall in local high streets in the CAZ and outside of the CAZ, using weekend visitors at 12pm (%)",,Community participation,Local Institutions,Barry Fong
sol_hypert,"NHS England Quality and Outcomes Frameworok (QOF), OHID https://fingertips.phe.org.uk/search/hypertension#page/4/gid/1/pat/15/par/E92000001/ati/6/are/E12000007/iid/219/age/1/sex/4/cat/-1/ctp/-1/yrr/1/cid/4/tbm/1/page-options/car-do-0",,FALSE,FALSE,FALSE,%{y},,.0f,TRUE,"Hypertension, prevalence, London and England (all ages)",,,Health and Wellbeing,Behavioural risk factors,Yamini Cinamon Nair
sol_imms_l,NHS England,,FALSE,FALSE,FALSE,%{y},,.0f,FALSE,"Childhood vaccination coverage statistics, London, multiple vaccinations selected",,,Health and Wellbeing,Behavioural risk factors,Yamini Cinamon Nair
sol_imms_e,NHS England,,FALSE,FALSE,FALSE,%{y},,.0f,FALSE,"Childhood vaccination coverage statistics, England, multiple vaccinations selected",,,Health and Wellbeing,Behavioural risk factors,Yamini Cinamon Nair
sol_pstngs,"Emsi, 2020. ",http://www.economicmodelling.co.uk,FALSE,FALSE,FALSE,%{y},,%,TRUE,Monthly online job postings,Percentage change on previous year,,0,,Chris Rocks
sol_hpi,Source: House Price Index and RPI inflation,https://www.gov.uk/government/collections/uk-house-price-index-reports,FALSE,FALSE,FALSE,%{y},,.2s,TRUE,"Trend in inflation adjusted average house prices, (in 2024 prices)","ONS House Price Index, adjusted for inflation ",,Housing, Energy efficiency and affordability,Guk Yu
sol_pop_age,Population estimates for England and Wales - Office for National Statistics (ons.gov.uk),https://www.ons.gov.uk/peoplepopulationandcommunity/populationandmigration/populationestimates/bulletins/populationestimatesforenglandandwales/mid2022,FALSE,FALSE,FALSE,%{y},,.2s,FALSE,"Population age structure, ","London, estimates for the year ending June 2022",,Demography,Population change,Veronica Tuffrey 
sol_net_dom_age,ONS,https://www.ons.gov.uk/peoplepopulationandcommunity/populationandmigration/populationestimates/datasets/internalmigrationinenglandandwales,FALSE,TRUE,TRUE,%{y},,.0f,FALSE,"Net domestic migration by single year of age, London, estimates for the year ending June 2022",Thousands of migrants,,Demography,Population change,Veronica Tuffrey 
sol_pc_greenhouse,"GLA, LEGGI 2018",https://data.london.gov.uk/dataset/leggi,FALSE,FALSE,FALSE,%{y},,.0f,TRUE,Per-capita consumption emissions in London and the UK,Tonnes GHG from consumption per capita (tCO2e/capita),,Environment,Greenhouse,Sarah Willis
